Role,Area,State_Code,year,Annual_P10_Wage,Annual_P25_Wage,Annual_P75_Wage,Annual_P90_Wage,Annual_Mean_Wage,Annual_Median_Wage,Employment,"Employment per 1,000 jobs",Employment percent relative standard error,Hourly_P10_Wage,Hourly_P25_Wage,Hourly_P75_Wage,Hourly_P90_Wage,Hourly_Mean_Wage,Hourly_Median_Wage,Location Quotient,Wage percent relative standard error
Business Analyst,Alabama,01,2024,61200.0,79150.0,129020.0,165190.0,111280.0,102480.0,4980.0,2.382,6.8,29.42,38.05,62.03,79.42,53.5,49.27,0.41,2.8
Business Analyst,Alaska,02,2024,72240.0,85920.0,127690.0,144060.0,107310.0,104770.0,420.0,1.307,3.9,34.73,41.31,61.39,69.26,51.59,50.37,0.23,0.7
Business Analyst,Arizona,04,2024,50820.0,66520.0,124930.0,169020.0,117750.0,89520.0,18110.0,5.665,9.8,24.43,31.98,60.06,81.26,56.61,43.04,0.98,13.8
Business Analyst,Arkansas,05,2024,37370.0,48980.0,101280.0,131910.0,80610.0,72550.0,4530.0,3.512,7.1,17.97,23.55,48.69,63.42,38.75,34.88,0.61,4.6
Business Analyst,California,06,2024,61920.0,78120.0,140280.0,187010.0,120410.0,102110.0,136200.0,7.542,2.4,29.77,37.56,67.44,89.91,57.89,49.09,1.3,1.4
Business Analyst,Colorado,08,2024,62230.0,79220.0,140180.0,188980.0,116450.0,104990.0,14940.0,5.168,19.7,29.92,38.09,67.4,90.86,55.99,50.48,0.89,3.9
Business Analyst,Connecticut,09,2024,65120.0,81060.0,137880.0,202370.0,120670.0,103740.0,8570.0,5.096,8.0,31.31,38.97,66.29,97.3,58.02,49.88,0.88,4.1
Business Analyst,Delaware,10,2024,57820.0,72940.0,124470.0,153060.0,107720.0,97030.0,4030.0,8.455,8.4,27.8,35.07,59.84,73.59,51.79,46.65,1.46,2.8
Business Analyst,District of Columbia,11,2024,82760.0,100230.0,145480.0,174860.0,127540.0,125500.0,20330.0,28.689,5.1,39.79,48.19,69.94,84.07,61.32,60.34,4.95,1.4
Business Analyst,Florida,12,2024,48690.0,62460.0,118980.0,161740.0,98630.0,83130.0,74030.0,7.539,4.8,23.41,30.03,57.2,77.76,47.42,39.96,1.3,2.5
Business Analyst,Georgia,13,2024,,,,,,,40430.0,8.326,5.3,,,,,,,1.44,
Business Analyst,Guam,66,2024,45660.0,61400.0,89860.0,107240.0,75770.0,72550.0,210.0,3.448,1.0,21.95,29.52,43.2,51.56,36.43,34.88,0.59,1.1
Business Analyst,Hawaii,15,2024,64170.0,74950.0,115710.0,137730.0,98350.0,93660.0,2600.0,4.186,4.9,30.85,36.03,55.63,66.22,47.28,45.03,0.72,2.3
Business Analyst,Idaho,16,2024,48840.0,62540.0,115950.0,155270.0,95070.0,81590.0,2740.0,3.246,16.3,23.48,30.07,55.74,74.65,45.71,39.23,0.56,7.4
Business Analyst,Illinois,17,2024,59810.0,81540.0,154490.0,199740.0,123900.0,110370.0,44010.0,7.256,6.5,28.75,39.2,74.28,96.03,59.57,53.06,1.25,2.4
Business Analyst,Indiana,18,2024,49520.0,64370.0,118770.0,155610.0,102060.0,89990.0,10880.0,3.415,8.6,23.81,30.95,57.1,74.81,49.07,43.26,0.59,3.5
Business Analyst,Iowa,19,2024,52950.0,64420.0,105080.0,129070.0,88840.0,82230.0,4980.0,3.189,5.4,25.46,30.97,50.52,62.05,42.71,39.53,0.55,1.9
Business Analyst,Kansas,20,2024,46970.0,60100.0,106310.0,133040.0,88230.0,81130.0,5670.0,3.964,13.5,22.58,28.89,51.11,63.96,42.42,39.01,0.68,4.7
Business Analyst,Kentucky,21,2024,56750.0,65960.0,110300.0,133710.0,93360.0,85290.0,4190.0,2.099,7.4,27.28,31.71,53.03,64.28,44.89,41.01,0.36,3.4
Business Analyst,Louisiana,22,2024,59950.0,75510.0,124090.0,163180.0,106420.0,98680.0,4420.0,2.311,7.1,28.82,36.31,59.66,78.45,51.16,47.44,0.4,5.1
Business Analyst,Maine,23,2024,56180.0,64850.0,111240.0,130950.0,92730.0,80210.0,2410.0,3.793,11.7,27.01,31.18,53.48,62.96,44.58,38.56,0.65,5.7
Business Analyst,Maryland,24,2024,77520.0,96550.0,141890.0,169740.0,124430.0,121890.0,21010.0,7.652,4.2,37.27,46.42,68.22,81.6,59.82,58.6,1.32,1.8
Business Analyst,Massachusetts,25,2024,79410.0,99440.0,167540.0,215560.0,147330.0,131840.0,30100.0,8.263,6.8,38.18,47.81,80.55,103.64,70.83,63.39,1.43,2.5
Business Analyst,Michigan,26,2024,57980.0,69950.0,121850.0,166440.0,103930.0,90620.0,14290.0,3.255,7.9,27.87,33.63,58.58,80.02,49.97,43.57,0.56,4.7
Business Analyst,Minnesota,27,2024,63300.0,75300.0,126070.0,168290.0,110810.0,95980.0,21530.0,7.372,4.0,30.43,36.2,60.61,80.91,53.27,46.15,1.27,4.9
Business Analyst,Mississippi,28,2024,43930.0,54250.0,103820.0,163000.0,88590.0,70010.0,3260.0,2.814,5.1,21.12,26.08,49.91,78.37,42.59,33.66,0.49,4.6
Business Analyst,Missouri,29,2024,58570.0,69550.0,126880.0,162670.0,108950.0,95830.0,11350.0,3.89,5.4,28.16,33.44,61.0,78.21,52.38,46.07,0.67,4.2
Business Analyst,Montana,30,2024,51330.0,62230.0,104260.0,126460.0,87290.0,85760.0,1580.0,3.091,9.2,24.68,29.92,50.12,60.8,41.97,41.23,0.53,6.2
Business Analyst,National,00,2024,59720.0,76770.0,133140.0,174140.0,114710.0,101190.0,893900.0,,1.2,28.71,36.91,64.01,83.72,55.15,48.65,,3.3
Business Analyst,Nebraska,31,2024,48620.0,59180.0,110360.0,133390.0,91750.0,82440.0,2650.0,2.61,6.2,23.38,28.45,53.06,64.13,44.11,39.64,0.45,5.0
Business Analyst,Nevada,32,2024,59370.0,72960.0,134760.0,164990.0,106490.0,93320.0,5360.0,3.503,7.7,28.55,35.08,64.79,79.32,51.2,44.87,0.6,3.4
Business Analyst,New Hampshire,33,2024,69350.0,82490.0,131470.0,164760.0,117180.0,103810.0,2810.0,4.12,17.3,33.34,39.66,63.21,79.21,56.34,49.91,0.71,12.1
Business Analyst,New Jersey,34,2024,67420.0,83210.0,135340.0,176500.0,119130.0,105100.0,21490.0,5.056,7.4,32.41,40.0,65.07,84.86,57.27,50.53,0.87,2.9
Business Analyst,New Mexico,35,2024,53580.0,62850.0,107480.0,133260.0,90440.0,84870.0,3440.0,3.999,4.3,25.76,30.22,51.68,64.07,43.48,40.8,0.69,2.5
Business Analyst,New York,36,2024,62380.0,79990.0,146680.0,203410.0,124510.0,106930.0,65390.0,6.853,2.8,29.99,38.46,70.52,97.79,59.86,51.41,1.18,2.1
Business Analyst,North Carolina,37,2024,51380.0,72600.0,130070.0,166490.0,106830.0,98700.0,21750.0,4.441,5.9,24.7,34.91,62.54,80.04,51.36,47.45,0.77,2.1
Business Analyst,North Dakota,38,2024,48100.0,65960.0,104480.0,128940.0,88880.0,73080.0,1080.0,2.556,15.4,23.13,31.71,50.23,61.99,42.73,35.14,0.44,18.5
Business Analyst,Ohio,39,2024,51890.0,65310.0,112060.0,137680.0,94320.0,81590.0,26990.0,4.884,2.2,24.95,31.4,53.88,66.19,45.35,39.22,0.84,1.1
Business Analyst,Oklahoma,40,2024,56550.0,69950.0,110660.0,147290.0,95320.0,86940.0,4630.0,2.737,9.8,27.19,33.63,53.2,70.81,45.83,41.8,0.47,3.9
Business Analyst,Oregon,41,2024,68610.0,82230.0,120620.0,144600.0,109090.0,100840.0,11590.0,5.894,4.4,32.99,39.54,57.99,69.52,52.45,48.48,1.02,2.6
Business Analyst,Pennsylvania,42,2024,51500.0,68180.0,119020.0,148280.0,99540.0,94050.0,23450.0,3.899,5.2,24.76,32.78,57.22,71.29,47.86,45.22,0.67,6.1
Business Analyst,Puerto Rico,72,2024,36920.0,48710.0,80780.0,99570.0,68700.0,65680.0,3270.0,3.483,7.9,17.75,23.42,38.84,47.87,33.03,31.58,0.6,5.2
Business Analyst,Rhode Island,44,2024,65980.0,80750.0,112050.0,144900.0,102370.0,89130.0,2980.0,6.033,11.1,31.72,38.82,53.87,69.67,49.22,42.85,1.04,4.4
Business Analyst,South Carolina,45,2024,47700.0,66080.0,113390.0,163090.0,104240.0,87050.0,10600.0,4.667,4.5,22.93,31.77,54.51,78.41,50.12,41.85,0.8,7.0
Business Analyst,South Dakota,46,2024,56730.0,63990.0,100450.0,133230.0,86410.0,79660.0,3180.0,7.02,5.1,27.28,30.76,48.29,64.05,41.54,38.3,1.21,2.8
Business Analyst,Tennessee,47,2024,61330.0,74960.0,122170.0,161500.0,102350.0,97410.0,12750.0,3.894,7.3,29.49,36.04,58.74,77.64,49.21,46.83,0.67,4.0
Business Analyst,Texas,48,2024,62090.0,75030.0,128430.0,166070.0,107550.0,98650.0,49950.0,3.607,6.1,29.85,36.07,61.75,79.84,51.71,47.43,0.62,2.1
Business Analyst,Utah,49,2024,,,,,,,7370.0,4.309,9.5,,,,,,,0.74,
Business Analyst,Vermont,50,2024,67470.0,86200.0,143260.0,155590.0,121870.0,115840.0,970.0,3.203,15.2,32.44,41.44,68.88,74.8,58.59,55.69,0.55,6.7
Business Analyst,Virgin Islands,78,2024,49130.0,55630.0,98540.0,118330.0,84500.0,79020.0,70.0,1.918,32.5,23.62,26.74,47.37,56.89,40.62,37.99,0.33,4.8
Business Analyst,Virginia,51,2024,63800.0,81990.0,140840.0,173460.0,123280.0,109650.0,64710.0,15.921,3.5,30.67,39.42,67.71,83.39,59.27,52.71,2.75,24.6
Business Analyst,Washington,53,2024,73170.0,88510.0,157270.0,194050.0,124240.0,118730.0,24900.0,7.035,6.3,35.18,42.55,75.61,93.29,59.73,57.08,1.21,2.2
Business Analyst,West Virginia,54,2024,52500.0,67760.0,115710.0,138170.0,97740.0,94060.0,1560.0,2.217,6.5,25.24,32.58,55.63,66.43,46.99,45.22,0.38,2.8
Business Analyst,Wisconsin,55,2024,63590.0,78020.0,127620.0,175080.0,110500.0,100310.0,12430.0,4.253,4.3,30.57,37.51,61.35,84.17,53.13,48.22,0.73,2.5
Business Analyst,Wyoming,56,2024,74050.0,86940.0,137410.0,217010.0,127420.0,103820.0,440.0,1.577,22.0,35.6,41.8,66.06,104.33,61.26,49.91,0.27,13.1
Data Analyst,Alabama,01,2024,65690.0,81130.0,132670.0,165490.0,112430.0,103730.0,6830.0,3.268,7.1,31.58,39.01,63.79,79.56,54.06,49.87,1.01,2.6
Data Analyst,Alaska,02,2024,58600.0,75960.0,106900.0,128250.0,91780.0,84800.0,490.0,1.524,12.4,28.17,36.52,51.4,61.66,44.13,40.77,0.47,3.2
Data Analyst,Arizona,04,2024,62320.0,80510.0,129420.0,163320.0,106930.0,101730.0,10010.0,3.13,8.2,29.96,38.71,62.22,78.52,51.41,48.91,0.97,3.7
Data Analyst,Arkansas,05,2024,28660.0,42750.0,91250.0,105950.0,70300.0,72540.0,3600.0,2.791,16.8,13.78,20.55,43.87,50.94,33.8,34.88,0.86,2.2
Data Analyst,California,06,2024,78070.0,99810.0,160800.0,196870.0,132940.0,127660.0,55460.0,3.071,3.7,37.54,47.99,77.31,94.65,63.91,61.37,0.95,0.9
Data Analyst,Colorado,08,2024,79040.0,99240.0,151490.0,174550.0,127060.0,124010.0,7130.0,2.467,10.5,38.0,47.71,72.83,83.92,61.09,59.62,0.76,2.2
Data Analyst,Connecticut,09,2024,68290.0,85800.0,129400.0,152760.0,109000.0,105860.0,6050.0,3.599,4.1,32.83,41.25,62.21,73.44,52.41,50.89,1.11,1.5
Data Analyst,Delaware,10,2024,59990.0,79200.0,135250.0,162250.0,110640.0,104070.0,2940.0,6.174,6.3,28.84,38.08,65.03,78.01,53.19,50.04,1.91,3.4
Data Analyst,District of Columbia,11,2024,86390.0,94580.0,144120.0,161640.0,123720.0,114110.0,1590.0,2.239,17.0,41.53,45.47,69.29,77.71,59.48,54.86,0.69,5.0
Data Analyst,Florida,12,2024,60970.0,78370.0,129590.0,158080.0,106640.0,100770.0,35660.0,3.631,4.4,29.31,37.68,62.31,76.0,51.27,48.45,1.12,1.2
Data Analyst,Georgia,13,2024,60580.0,80090.0,129610.0,159470.0,106610.0,103380.0,12200.0,2.512,3.4,29.13,38.5,62.31,76.67,51.26,49.7,0.78,1.3
Data Analyst,Hawaii,15,2024,60320.0,70430.0,105510.0,126160.0,92210.0,86700.0,1860.0,3.0,10.3,29.0,33.86,50.72,60.65,44.33,41.68,0.93,3.8
Data Analyst,Idaho,16,2024,29130.0,50370.0,98090.0,133160.0,76030.0,68810.0,2230.0,2.643,16.5,14.0,24.22,47.16,64.02,36.55,33.08,0.82,12.9
Data Analyst,Illinois,17,2024,52000.0,65800.0,123700.0,137580.0,96560.0,95920.0,22350.0,3.685,9.3,25.0,31.64,59.47,66.14,46.42,46.12,1.14,3.7
Data Analyst,Indiana,18,2024,61380.0,76390.0,120110.0,137900.0,100990.0,96470.0,9540.0,2.994,5.1,29.51,36.73,57.74,66.3,48.55,46.38,0.93,3.5
Data Analyst,Iowa,19,2024,61150.0,74340.0,106890.0,128030.0,93330.0,91670.0,4490.0,2.874,7.7,29.4,35.74,51.39,61.55,44.87,44.07,0.89,1.3
Data Analyst,Kansas,20,2024,61120.0,75810.0,129390.0,156400.0,102220.0,97300.0,4090.0,2.857,6.5,29.38,36.45,62.21,75.19,49.14,46.78,0.88,2.8
Data Analyst,Kentucky,21,2024,45220.0,60150.0,106080.0,151360.0,89100.0,81270.0,4700.0,2.355,11.8,21.74,28.92,51.0,72.77,42.84,39.07,0.73,5.5
Data Analyst,Louisiana,22,2024,55820.0,69010.0,112480.0,157220.0,95520.0,89800.0,2510.0,1.313,9.4,26.84,33.18,54.08,75.59,45.92,43.18,0.41,6.3
Data Analyst,Maine,23,2024,64060.0,77170.0,124570.0,178530.0,104400.0,98660.0,2600.0,4.093,7.7,30.8,37.1,59.89,85.83,50.19,47.43,1.27,3.3
Data Analyst,Maryland,24,2024,66580.0,83810.0,141530.0,168800.0,115010.0,103200.0,15090.0,5.495,6.0,32.01,40.29,68.04,81.15,55.3,49.62,1.7,2.3
Data Analyst,Massachusetts,25,2024,78960.0,98050.0,149660.0,171650.0,126190.0,121580.0,16650.0,4.572,5.1,37.96,47.14,71.95,82.53,60.67,58.45,1.42,2.0
Data Analyst,Michigan,26,2024,63790.0,79980.0,122160.0,133230.0,102420.0,100240.0,14990.0,3.415,4.7,30.67,38.45,58.73,64.05,49.24,48.19,1.06,1.1
Data Analyst,Minnesota,27,2024,73810.0,86550.0,133050.0,159350.0,111350.0,106740.0,10580.0,3.622,2.6,35.49,41.61,63.97,76.61,53.53,51.32,1.12,0.6
Data Analyst,Mississippi,28,2024,47350.0,63020.0,97510.0,123800.0,84670.0,82870.0,2040.0,1.755,24.6,22.76,30.3,46.88,59.52,40.71,39.84,0.54,3.0
Data Analyst,Missouri,29,2024,47860.0,64210.0,121270.0,140100.0,94680.0,92740.0,7140.0,2.447,6.5,23.01,30.87,58.3,67.36,45.52,44.59,0.76,2.7
Data Analyst,Montana,30,2024,60090.0,72940.0,109440.0,168480.0,100840.0,89060.0,860.0,1.696,20.4,28.89,35.07,52.61,81.0,48.48,42.82,0.53,9.4
Data Analyst,National,00,2024,63160.0,80900.0,132360.0,166030.0,111960.0,103790.0,497800.0,,0.9,30.36,38.89,63.64,79.82,53.83,49.9,,0.5
Data Analyst,Nebraska,31,2024,60250.0,74660.0,114290.0,133500.0,94930.0,92090.0,2250.0,2.211,11.3,28.97,35.89,54.95,64.18,45.64,44.27,0.68,1.6
Data Analyst,Nevada,32,2024,60930.0,78230.0,115850.0,131700.0,100960.0,101810.0,2500.0,1.635,11.5,29.3,37.61,55.7,63.32,48.54,48.95,0.51,2.8
Data Analyst,New Hampshire,33,2024,73510.0,86380.0,126580.0,158260.0,109600.0,100700.0,2390.0,3.499,23.1,35.34,41.53,60.85,76.09,52.69,48.41,1.08,2.2
Data Analyst,New Jersey,34,2024,70790.0,92190.0,161450.0,173320.0,124650.0,123640.0,17290.0,4.067,6.0,34.04,44.32,77.62,83.33,59.93,59.44,1.26,3.7
Data Analyst,New Mexico,35,2024,57450.0,75010.0,108060.0,134670.0,96720.0,94570.0,2500.0,2.905,9.4,27.62,36.06,51.95,64.74,46.5,45.46,0.9,3.2
Data Analyst,New York,36,2024,63650.0,81690.0,137540.0,170510.0,115250.0,105610.0,20950.0,2.196,7.8,30.6,39.28,66.12,81.98,55.41,50.77,0.68,3.7
Data Analyst,North Carolina,37,2024,66280.0,83640.0,131600.0,163270.0,112060.0,104940.0,25350.0,5.174,4.9,31.86,40.21,63.27,78.49,53.88,50.45,1.6,2.1
Data Analyst,North Dakota,38,2024,70820.0,85960.0,117220.0,133880.0,102340.0,96350.0,180.0,0.42,12.3,34.05,41.33,56.35,64.36,49.2,46.32,0.13,1.9
Data Analyst,Ohio,39,2024,61400.0,77790.0,127180.0,150520.0,102700.0,98990.0,15490.0,2.802,6.3,29.52,37.4,61.15,72.36,49.37,47.59,0.87,2.2
Data Analyst,Oklahoma,40,2024,61480.0,78110.0,128930.0,164420.0,104880.0,100450.0,3100.0,1.835,9.3,29.56,37.55,61.99,79.05,50.42,48.29,0.57,4.6
Data Analyst,Oregon,41,2024,80250.0,99670.0,133120.0,165740.0,120860.0,111140.0,5030.0,2.558,6.9,38.58,47.92,64.0,79.68,58.11,53.43,0.79,2.1
Data Analyst,Pennsylvania,42,2024,60970.0,77150.0,122720.0,140630.0,99590.0,97450.0,15400.0,2.561,5.8,29.31,37.09,59.0,67.61,47.88,46.85,0.79,1.6
Data Analyst,Puerto Rico,72,2024,36440.0,47330.0,78000.0,83570.0,61920.0,61940.0,1310.0,1.399,6.3,17.52,22.76,37.5,40.18,29.77,29.78,0.43,1.3
Data Analyst,Rhode Island,44,2024,75120.0,91910.0,135920.0,168770.0,120290.0,112980.0,1560.0,3.157,18.3,36.12,44.19,65.35,81.14,57.83,54.32,0.98,1.8
Data Analyst,South Carolina,45,2024,52890.0,73490.0,121090.0,135490.0,98600.0,94740.0,7290.0,3.21,6.7,25.43,35.33,58.21,65.14,47.4,45.55,0.99,1.9
Data Analyst,South Dakota,46,2024,67750.0,78560.0,117140.0,153520.0,102040.0,95850.0,1050.0,2.322,17.2,32.57,37.77,56.32,73.81,49.06,46.08,0.72,4.0
Data Analyst,Tennessee,47,2024,53870.0,59990.0,109990.0,132690.0,89960.0,82430.0,9820.0,3.0,6.9,25.9,28.84,52.88,63.79,43.25,39.63,0.93,3.7
Data Analyst,Texas,48,2024,66400.0,82170.0,135270.0,166200.0,114350.0,104970.0,48150.0,3.477,5.1,31.92,39.5,65.04,79.9,54.98,50.47,1.08,1.5
Data Analyst,Utah,49,2024,60360.0,77900.0,112380.0,134260.0,96380.0,93330.0,2810.0,1.641,6.1,29.02,37.45,54.03,64.55,46.34,44.87,0.51,1.3
Data Analyst,Vermont,50,2024,71220.0,81430.0,119510.0,128610.0,104440.0,98690.0,590.0,1.924,27.7,34.24,39.15,57.46,61.83,50.21,47.45,0.6,3.9
Data Analyst,Virgin Islands,78,2024,50670.0,52950.0,76280.0,91330.0,65530.0,56650.0,50.0,1.327,2.7,24.36,25.46,36.67,43.91,31.5,27.24,0.41,2.5
Data Analyst,Virginia,51,2024,71800.0,89330.0,148650.0,183200.0,120880.0,113500.0,22730.0,5.592,5.3,34.52,42.95,71.47,88.08,58.11,54.57,1.73,2.1
Data Analyst,Washington,53,2024,81520.0,101470.0,161820.0,186450.0,133710.0,127420.0,18230.0,5.149,6.5,39.19,48.79,77.8,89.64,64.29,61.26,1.59,2.3
Data Analyst,West Virginia,54,2024,58770.0,78210.0,122160.0,139080.0,99150.0,99050.0,1300.0,1.857,15.1,28.26,37.6,58.73,66.86,47.67,47.62,0.58,3.5
Data Analyst,Wisconsin,55,2024,64280.0,79170.0,117990.0,130160.0,99490.0,98790.0,7710.0,2.636,12.1,30.91,38.06,56.72,62.58,47.83,47.5,0.82,1.5
Data Analyst,Wyoming,56,2024,45170.0,73770.0,107550.0,143250.0,95560.0,88790.0,320.0,1.165,24.3,21.72,35.47,51.71,68.87,45.94,42.69,0.36,7.8
Data Architect,Alabama,01,2024,74410.0,89210.0,134580.0,174490.0,117510.0,111330.0,310.0,0.147,33.6,35.78,42.89,64.7,83.89,56.5,53.52,0.35,3.5
Data Architect,Alaska,02,2024,66260.0,80720.0,126270.0,174800.0,111570.0,113800.0,40.0,0.129,26.0,31.86,38.81,60.71,84.04,53.64,54.71,0.31,6.8
Data Architect,Arizona,04,2024,79010.0,104390.0,162490.0,182540.0,135080.0,130620.0,850.0,0.267,6.0,37.98,50.19,78.12,87.76,64.94,62.8,0.64,2.1
Data Architect,Arkansas,05,2024,64420.0,82490.0,127880.0,164140.0,109380.0,101000.0,330.0,0.258,9.2,30.97,39.66,61.48,78.91,52.59,48.56,0.61,2.4
Data Architect,California,06,2024,89080.0,124990.0,188260.0,226340.0,162820.0,159130.0,5850.0,0.324,7.1,42.83,60.09,90.51,108.82,78.28,76.51,0.77,4.5
Data Architect,Colorado,08,2024,97210.0,125490.0,178900.0,223890.0,152940.0,151460.0,2140.0,0.74,17.9,46.74,60.33,86.01,107.64,73.53,72.82,1.76,2.9
Data Architect,Connecticut,09,2024,105510.0,122340.0,166090.0,195060.0,147910.0,147400.0,700.0,0.414,7.0,50.73,58.82,79.85,93.78,71.11,70.87,0.99,2.5
Data Architect,Delaware,10,2024,110380.0,142000.0,156000.0,197970.0,150060.0,146430.0,,,,53.07,68.27,75.0,95.18,72.14,70.4,,3.7
Data Architect,District of Columbia,11,2024,105680.0,125860.0,183530.0,218080.0,158550.0,157080.0,800.0,1.123,18.9,50.81,60.51,88.24,104.84,76.22,75.52,2.67,3.7
Data Architect,Florida,12,2024,78520.0,105000.0,166410.0,201700.0,138280.0,133040.0,2040.0,0.208,8.7,37.75,50.48,80.0,96.97,66.48,63.96,0.49,3.5
Data Architect,Georgia,13,2024,95600.0,125020.0,169400.0,181880.0,141590.0,135280.0,2930.0,0.603,4.8,45.96,60.11,81.44,87.44,68.07,65.04,1.43,0.9
Data Architect,Hawaii,15,2024,96210.0,130010.0,165670.0,182010.0,150190.0,149500.0,70.0,0.106,23.1,46.26,62.5,79.65,87.51,72.21,71.87,0.25,4.7
Data Architect,Idaho,16,2024,79130.0,89950.0,173830.0,182170.0,130240.0,126030.0,350.0,0.416,23.4,38.04,43.24,83.57,87.58,62.61,60.59,0.99,8.0
Data Architect,Illinois,17,2024,82350.0,104350.0,162640.0,188570.0,136370.0,134490.0,1460.0,0.241,8.1,39.59,50.17,78.19,90.66,65.56,64.66,0.57,2.5
Data Architect,Indiana,18,2024,82660.0,108880.0,157300.0,165520.0,132150.0,133150.0,670.0,0.209,22.3,39.74,52.35,75.62,79.58,63.53,64.01,0.5,3.8
Data Architect,Iowa,19,2024,83050.0,106050.0,143700.0,165030.0,124910.0,131370.0,280.0,0.182,12.6,39.93,50.98,69.09,79.34,60.05,63.16,0.43,4.6
Data Architect,Kansas,20,2024,82280.0,102240.0,134830.0,159970.0,124980.0,129060.0,390.0,0.271,35.6,39.56,49.15,64.82,76.91,60.09,62.05,0.65,13.2
Data Architect,Kentucky,21,2024,56960.0,71050.0,139990.0,165290.0,110400.0,102560.0,510.0,0.254,11.9,27.39,34.16,67.3,79.47,53.08,49.31,0.61,4.1
Data Architect,Louisiana,22,2024,,,,,,,350.0,0.184,24.6,,,,,,,0.44,
Data Architect,Maine,23,2024,80900.0,101010.0,154790.0,155930.0,134200.0,154790.0,250.0,0.389,31.5,38.89,48.56,74.42,74.97,64.52,74.42,0.93,10.6
Data Architect,Maryland,24,2024,80330.0,109150.0,173180.0,198350.0,143020.0,140710.0,1420.0,0.516,17.1,38.62,52.47,83.26,95.36,68.76,67.65,1.23,7.1
Data Architect,Massachusetts,25,2024,108500.0,132230.0,179910.0,209050.0,161000.0,161160.0,1720.0,0.471,12.9,52.16,63.57,86.5,100.51,77.4,77.48,1.12,3.4
Data Architect,Michigan,26,2024,70910.0,92740.0,142870.0,167120.0,117600.0,120810.0,1150.0,0.262,10.0,34.09,44.59,68.69,80.35,56.54,58.08,0.62,3.6
Data Architect,Minnesota,27,2024,90560.0,106650.0,144160.0,163540.0,127730.0,130420.0,910.0,0.312,7.9,43.54,51.28,69.31,78.63,61.41,62.7,0.74,2.1
Data Architect,Mississippi,28,2024,47690.0,73300.0,112660.0,133350.0,92400.0,90980.0,110.0,0.093,15.1,22.93,35.24,54.16,64.11,44.42,43.74,0.22,2.4
Data Architect,Missouri,29,2024,61920.0,78720.0,135910.0,165710.0,112730.0,108820.0,1840.0,0.629,10.4,29.77,37.85,65.34,79.67,54.2,52.32,1.5,2.1
Data Architect,Montana,30,2024,76850.0,81540.0,165580.0,182420.0,124500.0,116250.0,50.0,0.099,27.8,36.95,39.2,79.61,87.7,59.85,55.89,0.24,9.3
Data Architect,National,00,2024,81630.0,107900.0,169480.0,209990.0,142620.0,135980.0,64770.0,,2.7,39.24,51.88,81.48,100.96,68.57,65.37,,1.1
Data Architect,Nebraska,31,2024,89970.0,105600.0,144390.0,169420.0,129750.0,132320.0,590.0,0.584,10.9,43.25,50.77,69.42,81.45,62.38,63.62,1.39,2.8
Data Architect,Nevada,32,2024,46210.0,81740.0,147740.0,204840.0,124010.0,130360.0,320.0,0.211,14.0,22.22,39.3,71.03,98.48,59.62,62.68,0.5,6.4
Data Architect,New Jersey,34,2024,88550.0,103790.0,168280.0,208360.0,144260.0,143900.0,2530.0,0.595,7.5,42.57,49.9,80.9,100.17,69.36,69.18,1.42,2.1
Data Architect,New Mexico,35,2024,68620.0,97340.0,140210.0,155140.0,117620.0,120120.0,130.0,0.148,24.8,32.99,46.8,67.41,74.59,56.55,57.75,0.35,8.9
Data Architect,New York,36,2024,78910.0,100080.0,170370.0,205830.0,137840.0,128270.0,4180.0,0.438,5.8,37.94,48.12,81.91,98.96,66.27,61.67,1.04,2.0
Data Architect,North Carolina,37,2024,78420.0,103360.0,152860.0,171500.0,129750.0,130560.0,4060.0,0.829,19.0,37.7,49.69,73.49,82.45,62.38,62.77,1.97,2.3
Data Architect,North Dakota,38,2024,98870.0,103080.0,122040.0,127980.0,112830.0,116120.0,50.0,0.111,7.9,47.54,49.56,58.67,61.53,54.24,55.83,0.26,1.1
Data Architect,Ohio,39,2024,86070.0,106850.0,153260.0,173810.0,133170.0,129840.0,2230.0,0.403,6.0,41.38,51.37,73.68,83.56,64.02,62.42,0.96,2.3
Data Architect,Oklahoma,40,2024,70610.0,92500.0,180040.0,180100.0,133880.0,132360.0,730.0,0.432,21.1,33.95,44.47,86.56,86.59,64.36,63.64,1.03,8.6
Data Architect,Oregon,41,2024,97840.0,118890.0,175860.0,195380.0,147530.0,139660.0,710.0,0.361,15.8,47.04,57.16,84.55,93.93,70.93,67.14,0.86,3.9
Data Architect,Pennsylvania,42,2024,74260.0,103740.0,156220.0,177980.0,130130.0,129040.0,2240.0,0.372,6.6,35.7,49.87,75.11,85.57,62.56,62.04,0.88,2.2
Data Architect,Puerto Rico,72,2024,51180.0,62190.0,95690.0,105890.0,78160.0,77300.0,80.0,0.088,27.5,24.61,29.9,46.0,50.91,37.58,37.16,0.21,4.8
Data Architect,Rhode Island,44,2024,98790.0,124770.0,184070.0,220490.0,149350.0,136510.0,190.0,0.389,27.5,47.49,59.99,88.5,106.0,71.8,65.63,0.93,10.2
Data Architect,South Carolina,45,2024,77230.0,97800.0,159270.0,177860.0,128340.0,128440.0,730.0,0.322,9.0,37.13,47.02,76.57,85.51,61.7,61.75,0.77,3.0
Data Architect,South Dakota,46,2024,97620.0,106000.0,134410.0,140780.0,121220.0,127460.0,60.0,0.122,23.9,46.93,50.96,64.62,67.68,58.28,61.28,0.29,2.9
Data Architect,Tennessee,47,2024,70770.0,100510.0,148890.0,171430.0,125840.0,128440.0,680.0,0.208,14.3,34.02,48.32,71.58,82.42,60.5,61.75,0.5,3.3
Data Architect,Texas,48,2024,78500.0,106880.0,162060.0,180800.0,136930.0,133800.0,6330.0,0.457,8.5,37.74,51.38,77.91,86.92,65.83,64.33,1.09,2.0
Data Architect,Utah,49,2024,88780.0,100710.0,158930.0,189990.0,134470.0,127770.0,630.0,0.369,34.6,42.69,48.42,76.41,91.34,64.65,61.43,0.88,6.6
Data Architect,Vermont,50,2024,,,,,,,50.0,0.15,26.8,,,,,,,0.36,
Data Architect,Virginia,51,2024,,,,,,,7140.0,1.755,10.0,,,,,,,4.18,
Data Architect,Washington,53,2024,90580.0,115820.0,172970.0,205830.0,147540.0,144050.0,2490.0,0.702,39.5,43.55,55.68,83.16,98.96,70.93,69.26,1.67,7.2
Data Architect,West Virginia,54,2024,63270.0,92210.0,160740.0,181960.0,132690.0,157590.0,270.0,0.388,11.2,30.42,44.33,77.28,87.48,63.79,75.77,0.92,4.3
Data Architect,Wisconsin,55,2024,101240.0,124420.0,159930.0,177720.0,140770.0,138930.0,360.0,0.123,8.4,48.67,59.82,76.89,85.44,67.68,66.79,0.29,1.2
Data Architect,Wyoming,56,2024,52830.0,56970.0,70730.0,77390.0,68880.0,62760.0,130.0,0.45,21.4,25.4,27.39,34.01,37.21,33.12,30.17,1.07,28.1
Data Scientist,Alabama,01,2024,61810.0,76180.0,128250.0,147980.0,102970.0,105410.0,1620.0,0.773,18.8,29.72,36.63,61.66,71.14,49.51,50.68,0.51,4.0
Data Scientist,Alaska,02,2024,47670.0,56020.0,116470.0,135160.0,88690.0,77400.0,210.0,0.651,9.9,22.92,26.94,56.0,64.98,42.64,37.21,0.43,3.7
Data Scientist,Arizona,04,2024,66910.0,81170.0,134510.0,165120.0,112460.0,106080.0,4080.0,1.275,14.1,32.17,39.02,64.67,79.39,54.07,51.0,0.84,2.8
Data Scientist,Arkansas,05,2024,57830.0,82370.0,125390.0,164120.0,104560.0,104320.0,470.0,0.366,30.0,27.8,39.6,60.28,78.9,50.27,50.15,0.24,6.0
Data Scientist,California,06,2024,73390.0,98460.0,177480.0,221080.0,155450.0,136800.0,36850.0,2.041,3.2,35.29,47.34,85.33,106.29,74.74,65.77,1.35,3.2
Data Scientist,Colorado,08,2024,67330.0,86560.0,132890.0,172010.0,118250.0,106500.0,6750.0,2.334,7.0,32.37,41.62,63.89,82.7,56.85,51.2,1.54,3.1
Data Scientist,Connecticut,09,2024,65220.0,95160.0,140740.0,180890.0,120270.0,109960.0,1630.0,0.972,9.9,31.36,45.75,67.66,86.97,57.82,52.87,0.64,2.2
Data Scientist,Delaware,10,2024,,,,,,,540.0,1.129,8.5,,,,,,,0.75,
Data Scientist,District of Columbia,11,2024,82210.0,102440.0,208600.0,208600.0,148170.0,137120.0,3580.0,5.047,13.4,39.52,49.25,100.29,100.29,71.24,65.92,3.33,5.1
Data Scientist,Florida,12,2024,59440.0,79650.0,135530.0,193530.0,117670.0,105820.0,9480.0,0.965,6.4,28.58,38.29,65.16,93.04,56.57,50.88,0.64,2.6
Data Scientist,Georgia,13,2024,63320.0,80920.0,133430.0,165980.0,111020.0,102630.0,7730.0,1.591,4.5,30.44,38.9,64.15,79.8,53.38,49.34,1.05,1.2
Data Scientist,Hawaii,15,2024,83200.0,89340.0,156540.0,172150.0,124530.0,123880.0,240.0,0.383,16.2,40.0,42.95,75.26,82.76,59.87,59.56,0.25,6.1
Data Scientist,Idaho,16,2024,67550.0,78960.0,145670.0,197050.0,120410.0,109340.0,980.0,1.157,10.2,32.47,37.96,70.03,94.74,57.89,52.57,0.76,5.5
Data Scientist,Illinois,17,2024,65420.0,82010.0,147130.0,172220.0,119010.0,113490.0,7390.0,1.218,6.4,31.45,39.43,70.74,82.8,57.22,54.56,0.8,1.4
Data Scientist,Indiana,18,2024,51860.0,66800.0,110770.0,134600.0,92620.0,84050.0,3120.0,0.979,6.1,24.93,32.12,53.26,64.71,44.53,40.41,0.65,3.8
Data Scientist,Iowa,19,2024,55290.0,68910.0,126310.0,140620.0,97300.0,97980.0,2330.0,1.49,5.2,26.58,33.13,60.73,67.61,46.78,47.1,0.98,2.2
Data Scientist,Kansas,20,2024,45940.0,83120.0,132130.0,148850.0,107300.0,110320.0,340.0,0.237,19.1,22.09,39.96,63.52,71.56,51.59,53.04,0.16,8.5
Data Scientist,Kentucky,21,2024,58130.0,74110.0,123150.0,160460.0,100410.0,93490.0,1700.0,0.852,12.4,27.95,35.63,59.21,77.15,48.28,44.95,0.56,4.2
Data Scientist,Louisiana,22,2024,49920.0,56070.0,80940.0,93260.0,71740.0,70530.0,1120.0,0.585,9.5,24.0,26.96,38.91,44.84,34.49,33.91,0.39,3.1
Data Scientist,Maine,23,2024,58120.0,76020.0,127230.0,142350.0,101890.0,94350.0,1040.0,1.641,15.0,27.94,36.55,61.17,68.44,48.99,45.36,1.08,5.8
Data Scientist,Maryland,24,2024,77230.0,97850.0,160980.0,199020.0,135370.0,124340.0,3400.0,1.239,10.3,37.13,47.04,77.39,95.68,65.08,59.78,0.82,5.0
Data Scientist,Massachusetts,25,2024,80740.0,103130.0,167710.0,200770.0,139670.0,132250.0,9990.0,2.743,7.5,38.82,49.58,80.63,96.53,67.15,63.58,1.81,1.9
Data Scientist,Michigan,26,2024,59860.0,78410.0,124070.0,146120.0,102030.0,99470.0,6450.0,1.47,4.1,28.78,37.7,59.65,70.25,49.05,47.82,0.97,1.9
Data Scientist,Minnesota,27,2024,58940.0,85000.0,144200.0,171260.0,118110.0,117840.0,3500.0,1.199,7.2,28.34,40.87,69.33,82.34,56.79,56.65,0.79,3.2
Data Scientist,Mississippi,28,2024,42950.0,53980.0,97150.0,112010.0,77830.0,69430.0,270.0,0.232,9.6,20.65,25.95,46.71,53.85,37.42,33.38,0.15,3.5
Data Scientist,Missouri,29,2024,51720.0,61910.0,123180.0,152630.0,95310.0,85570.0,4350.0,1.491,13.9,24.87,29.77,59.22,73.38,45.82,41.14,0.99,3.8
Data Scientist,Montana,30,2024,75620.0,90930.0,114620.0,162470.0,111490.0,106860.0,200.0,0.394,18.5,36.36,43.72,55.11,78.11,53.6,51.37,0.26,5.2
Data Scientist,National,00,2024,63650.0,82630.0,155810.0,194410.0,124590.0,112590.0,233440.0,,1.7,30.6,39.73,74.91,93.47,59.9,54.13,,0.9
Data Scientist,Nebraska,31,2024,67270.0,81400.0,108940.0,130670.0,97720.0,96470.0,1850.0,1.817,9.5,32.34,39.14,52.38,62.82,46.98,46.38,1.2,0.9
Data Scientist,Nevada,32,2024,53670.0,67520.0,122200.0,149780.0,98820.0,93310.0,1230.0,0.802,8.1,25.8,32.46,58.75,72.01,47.51,44.86,0.53,2.9
Data Scientist,New Hampshire,33,2024,64410.0,78550.0,124520.0,145740.0,102230.0,98970.0,870.0,1.278,9.0,30.97,37.76,59.87,70.07,49.15,47.58,0.84,2.2
Data Scientist,New Jersey,34,2024,74780.0,98220.0,161830.0,184520.0,131800.0,130370.0,5860.0,1.379,7.5,35.95,47.22,77.8,88.71,63.36,62.68,0.91,2.1
Data Scientist,New Mexico,35,2024,44840.0,62310.0,104290.0,125230.0,86520.0,85040.0,510.0,0.589,16.6,21.56,29.96,50.14,60.21,41.6,40.88,0.39,4.2
Data Scientist,New York,36,2024,65150.0,83800.0,167880.0,211860.0,133450.0,125400.0,20070.0,2.103,4.3,31.32,40.29,80.71,101.86,64.16,60.29,1.39,2.7
Data Scientist,North Carolina,37,2024,58240.0,80240.0,146850.0,173170.0,118020.0,115380.0,10140.0,2.071,7.9,28.0,38.58,70.6,83.26,56.74,55.47,1.37,4.0
Data Scientist,North Dakota,38,2024,58050.0,74690.0,120270.0,123310.0,94130.0,96230.0,320.0,0.747,20.4,27.91,35.91,57.82,59.29,45.25,46.26,0.49,5.6
Data Scientist,Ohio,39,2024,53510.0,71660.0,126470.0,152070.0,100260.0,98620.0,5510.0,0.996,3.8,25.73,34.45,60.8,73.11,48.2,47.41,0.66,2.2
Data Scientist,Oklahoma,40,2024,54930.0,66500.0,107520.0,146190.0,89940.0,80380.0,2160.0,1.276,8.4,26.41,31.97,51.69,70.28,43.24,38.64,0.84,3.8
Data Scientist,Oregon,41,2024,70570.0,94100.0,154240.0,192150.0,124060.0,106100.0,2650.0,1.349,15.5,33.93,45.24,74.15,92.38,59.65,51.01,0.89,3.6
Data Scientist,Pennsylvania,42,2024,61190.0,76220.0,129590.0,165360.0,107450.0,100320.0,10430.0,1.734,5.0,29.42,36.64,62.3,79.5,51.66,48.23,1.15,1.2
Data Scientist,Puerto Rico,72,2024,41110.0,59990.0,85400.0,94380.0,72370.0,70690.0,120.0,0.122,13.3,19.76,28.84,41.06,45.37,34.79,33.98,0.08,2.8
Data Scientist,Rhode Island,44,2024,69990.0,88100.0,142710.0,181460.0,119400.0,114390.0,1190.0,2.412,14.9,33.65,42.36,68.61,87.24,57.41,54.99,1.59,4.7
Data Scientist,South Carolina,45,2024,57030.0,73050.0,108610.0,150520.0,96970.0,90660.0,2810.0,1.239,15.3,27.42,35.12,52.22,72.37,46.62,43.59,0.82,4.8
Data Scientist,South Dakota,46,2024,62240.0,78590.0,109940.0,117880.0,92460.0,92000.0,270.0,0.586,12.7,29.92,37.79,52.86,56.67,44.45,44.23,0.39,1.8
Data Scientist,Tennessee,47,2024,61960.0,82060.0,137880.0,190000.0,114830.0,104700.0,2550.0,0.778,9.1,29.79,39.45,66.29,91.35,55.21,50.34,0.51,4.5
Data Scientist,Texas,48,2024,61230.0,81140.0,137590.0,169310.0,114800.0,106540.0,23420.0,1.691,4.9,29.44,39.01,66.15,81.4,55.19,51.22,1.12,1.4
Data Scientist,Utah,49,2024,57720.0,78840.0,170000.0,173370.0,119640.0,116420.0,4830.0,2.827,8.0,27.75,37.9,81.73,83.35,57.52,55.97,1.87,3.4
Data Scientist,Vermont,50,2024,74260.0,83090.0,145530.0,157760.0,119630.0,120670.0,210.0,0.698,37.3,35.7,39.95,69.97,75.85,57.51,58.01,0.46,4.3
Data Scientist,Virginia,51,2024,78570.0,94630.0,165370.0,197430.0,132230.0,126070.0,6200.0,1.525,3.8,37.78,45.49,79.51,94.92,63.57,60.61,1.01,1.3
Data Scientist,Washington,53,2024,92680.0,108530.0,199620.0,226760.0,162730.0,158760.0,7930.0,2.24,10.2,44.56,52.18,95.97,109.02,78.24,76.33,1.48,4.1
Data Scientist,West Virginia,54,2024,49000.0,72250.0,118820.0,165660.0,102770.0,95760.0,220.0,0.32,12.4,23.56,34.73,57.13,79.64,49.41,46.04,0.21,6.0
Data Scientist,Wisconsin,55,2024,73900.0,82230.0,124960.0,148180.0,105540.0,100020.0,3640.0,1.243,5.2,35.53,39.54,60.08,71.24,50.74,48.09,0.82,1.3
Data Scientist,Wyoming,56,2024,49190.0,49190.0,97370.0,129880.0,85480.0,95840.0,,,,23.65,23.65,46.81,62.44,41.1,46.08,,15.4
Database Administrator,Alabama,01,2024,56610.0,72170.0,113890.0,132170.0,92930.0,88560.0,1990.0,0.953,10.0,27.22,34.7,54.76,63.54,44.68,42.58,2.01,1.9
Database Administrator,Alaska,02,2024,64180.0,74630.0,108620.0,139160.0,96600.0,93180.0,90.0,0.268,11.0,30.86,35.88,52.22,66.9,46.44,44.8,0.56,4.3
Database Administrator,Arizona,04,2024,51240.0,72270.0,118370.0,146220.0,97340.0,96320.0,1330.0,0.415,10.4,24.64,34.75,56.91,70.3,46.8,46.31,0.88,1.9
Database Administrator,Arkansas,05,2024,38150.0,49530.0,101850.0,145410.0,82780.0,79710.0,600.0,0.462,9.6,18.34,23.81,48.97,69.91,39.8,38.32,0.97,4.0
Database Administrator,California,06,2024,63190.0,84590.0,149010.0,175950.0,119060.0,111090.0,8360.0,0.463,6.0,30.38,40.67,71.64,84.59,57.24,53.41,0.98,1.7
Database Administrator,Colorado,08,2024,62610.0,80830.0,142250.0,165390.0,115970.0,119940.0,1400.0,0.484,12.6,30.1,38.86,68.39,79.52,55.75,57.67,1.02,4.1
Database Administrator,Connecticut,09,2024,57740.0,74040.0,130970.0,152920.0,103400.0,101990.0,770.0,0.457,5.9,27.76,35.6,62.97,73.52,49.71,49.03,0.96,2.5
Database Administrator,Delaware,10,2024,63310.0,79510.0,130370.0,162200.0,105850.0,100240.0,730.0,1.534,6.2,30.44,38.23,62.68,77.98,50.89,48.19,3.23,2.4
Database Administrator,District of Columbia,11,2024,69200.0,92440.0,147890.0,154610.0,120470.0,128440.0,550.0,0.774,16.9,33.27,44.44,71.1,74.33,57.92,61.75,1.63,6.2
Database Administrator,Florida,12,2024,51370.0,65300.0,132120.0,158860.0,102900.0,97900.0,4080.0,0.416,5.0,24.7,31.39,63.52,76.37,49.47,47.07,0.88,2.2
Database Administrator,Georgia,13,2024,48730.0,76950.0,133900.0,152480.0,105590.0,106100.0,3020.0,0.623,7.9,23.43,37.0,64.37,73.31,50.76,51.01,1.31,2.8
Database Administrator,Hawaii,15,2024,57220.0,76890.0,124990.0,133750.0,97380.0,93400.0,110.0,0.17,9.9,27.51,36.97,60.09,64.31,46.82,44.91,0.36,3.4
Database Administrator,Idaho,16,2024,52000.0,61340.0,113900.0,146920.0,88440.0,78780.0,160.0,0.185,8.6,25.0,29.49,54.76,70.64,42.52,37.87,0.39,1.9
Database Administrator,Illinois,17,2024,54190.0,71530.0,133680.0,166300.0,107750.0,101070.0,2290.0,0.378,7.2,26.05,34.39,64.27,79.95,51.8,48.59,0.8,2.6
Database Administrator,Indiana,18,2024,39970.0,60460.0,104370.0,132220.0,85480.0,83600.0,1180.0,0.372,6.0,19.21,29.07,50.18,63.57,41.1,40.19,0.78,4.1
Database Administrator,Iowa,19,2024,56870.0,75060.0,125980.0,154080.0,101500.0,97690.0,380.0,0.243,6.8,27.34,36.09,60.57,74.08,48.8,46.96,0.51,3.1
Database Administrator,Kansas,20,2024,60320.0,78720.0,147530.0,201980.0,118250.0,112740.0,560.0,0.392,18.0,29.0,37.85,70.93,97.11,56.85,54.2,0.83,10.0
Database Administrator,Kentucky,21,2024,44710.0,55370.0,107570.0,133590.0,86490.0,83980.0,770.0,0.388,13.9,21.5,26.62,51.72,64.23,41.58,40.38,0.82,3.8
Database Administrator,Louisiana,22,2024,48290.0,60250.0,108360.0,135600.0,89230.0,86420.0,240.0,0.127,16.9,23.22,28.97,52.1,65.19,42.9,41.55,0.27,6.5
Database Administrator,Maine,23,2024,47630.0,58220.0,103220.0,121230.0,82210.0,76980.0,230.0,0.368,9.1,22.9,27.99,49.62,58.29,39.53,37.01,0.78,3.0
Database Administrator,Maryland,24,2024,74110.0,95040.0,142890.0,167780.0,124430.0,122110.0,2640.0,0.963,14.8,35.63,45.69,68.7,80.67,59.82,58.71,2.03,4.5
Database Administrator,Massachusetts,25,2024,61110.0,80900.0,138040.0,161840.0,112090.0,117420.0,1940.0,0.532,5.3,29.38,38.89,66.37,77.81,53.89,56.45,1.12,1.8
Database Administrator,Michigan,26,2024,51680.0,66800.0,124400.0,150650.0,97660.0,97880.0,1190.0,0.27,7.9,24.85,32.12,59.81,72.43,46.95,47.06,0.57,4.3
Database Administrator,Minnesota,27,2024,59970.0,72190.0,129470.0,149280.0,101010.0,97230.0,970.0,0.331,7.5,28.83,34.71,62.24,71.77,48.56,46.75,0.7,2.0
Database Administrator,Mississippi,28,2024,53110.0,64870.0,98740.0,122350.0,84830.0,86420.0,230.0,0.2,9.2,25.54,31.19,47.47,58.82,40.78,41.55,0.42,2.4
Database Administrator,Missouri,29,2024,47910.0,63130.0,124770.0,149420.0,94990.0,87600.0,1400.0,0.478,10.3,23.04,30.35,59.99,71.84,45.67,42.12,1.01,3.9
Database Administrator,Montana,30,2024,62700.0,72960.0,89360.0,101230.0,83070.0,80960.0,240.0,0.48,10.7,30.15,35.08,42.96,48.67,39.94,38.92,1.01,1.9
Database Administrator,National,00,2024,56820.0,76100.0,132850.0,160890.0,107440.0,104620.0,73180.0,,3.4,27.32,36.59,63.87,77.35,51.65,50.3,,0.6
Database Administrator,Nebraska,31,2024,59050.0,72140.0,118320.0,135450.0,96080.0,92470.0,540.0,0.535,8.2,28.39,34.68,56.88,65.12,46.19,44.46,1.13,2.6
Database Administrator,Nevada,32,2024,38740.0,48980.0,115850.0,136780.0,87960.0,86980.0,470.0,0.305,23.7,18.63,23.55,55.7,65.76,42.29,41.82,0.64,12.8
Database Administrator,New Hampshire,33,2024,58550.0,76510.0,135610.0,149120.0,109190.0,121820.0,230.0,0.34,24.9,28.15,36.79,65.2,71.69,52.5,58.57,0.72,5.4
Database Administrator,New Jersey,34,2024,75890.0,98430.0,158320.0,170910.0,126670.0,128970.0,2060.0,0.485,8.2,36.49,47.32,76.12,82.17,60.9,62.01,1.02,2.7
Database Administrator,New Mexico,35,2024,62100.0,72600.0,104590.0,130010.0,94480.0,94850.0,520.0,0.609,7.3,29.86,34.9,50.28,62.5,45.42,45.6,1.28,2.5
Database Administrator,New York,36,2024,61630.0,79310.0,136550.0,173930.0,113070.0,106940.0,3680.0,0.385,6.7,29.63,38.13,65.65,83.62,54.36,51.41,0.81,2.3
Database Administrator,North Carolina,37,2024,58640.0,74920.0,131290.0,152140.0,106140.0,108430.0,1990.0,0.407,24.5,28.19,36.02,63.12,73.14,51.03,52.13,0.86,10.1
Database Administrator,North Dakota,38,2024,52250.0,59450.0,100440.0,131780.0,85950.0,76400.0,90.0,0.206,7.4,25.12,28.58,48.29,63.35,41.32,36.73,0.43,3.1
Database Administrator,Ohio,39,2024,51590.0,74010.0,123840.0,140020.0,96400.0,94020.0,1770.0,0.319,5.0,24.81,35.58,59.54,67.32,46.35,45.2,0.67,2.4
Database Administrator,Oklahoma,40,2024,43990.0,59990.0,118180.0,134470.0,87430.0,76980.0,660.0,0.391,8.4,21.15,28.84,56.82,64.65,42.03,37.01,0.82,2.1
Database Administrator,Oregon,41,2024,58230.0,78880.0,130330.0,145870.0,105050.0,102650.0,930.0,0.473,9.2,27.99,37.92,62.66,70.13,50.5,49.35,1.0,2.5
Database Administrator,Pennsylvania,42,2024,64980.0,91280.0,109610.0,139370.0,105100.0,107800.0,5000.0,0.831,48.7,31.24,43.89,52.7,67.01,50.53,51.83,1.75,3.3
Database Administrator,Puerto Rico,72,2024,36020.0,43160.0,69040.0,89640.0,57950.0,49210.0,230.0,0.241,10.6,17.32,20.75,33.19,43.09,27.86,23.66,0.51,5.2
Database Administrator,Rhode Island,44,2024,61540.0,70220.0,128560.0,157900.0,104100.0,103810.0,320.0,0.645,21.3,29.59,33.76,61.81,75.91,50.05,49.91,1.36,10.4
Database Administrator,South Carolina,45,2024,55880.0,71940.0,126170.0,155690.0,99890.0,92670.0,660.0,0.293,7.1,26.86,34.59,60.66,74.85,48.02,44.55,0.62,2.9
Database Administrator,South Dakota,46,2024,53950.0,75380.0,102880.0,111110.0,87610.0,85890.0,150.0,0.325,6.9,25.94,36.24,49.46,53.42,42.12,41.3,0.68,1.8
Database Administrator,Tennessee,47,2024,47390.0,70120.0,130520.0,154110.0,100650.0,101640.0,1440.0,0.438,9.1,22.79,33.71,62.75,74.09,48.39,48.87,0.92,4.3
Database Administrator,Texas,48,2024,51980.0,78920.0,135770.0,160440.0,109330.0,109990.0,6110.0,0.441,6.5,24.99,37.94,65.27,77.14,52.56,52.88,0.93,2.0
Database Administrator,Utah,49,2024,61990.0,70840.0,137630.0,159380.0,105050.0,97890.0,800.0,0.468,8.6,29.8,34.06,66.17,76.62,50.51,47.06,0.99,2.9
Database Administrator,Vermont,50,2024,66990.0,80850.0,117800.0,129650.0,99980.0,102170.0,120.0,0.407,19.3,32.21,38.87,56.64,62.33,48.07,49.12,0.86,5.2
Database Administrator,Virginia,51,2024,54640.0,72810.0,146850.0,178560.0,113810.0,105000.0,4210.0,1.035,7.2,26.27,35.0,70.6,85.85,54.71,50.48,2.18,4.1
Database Administrator,Washington,53,2024,65980.0,85840.0,148240.0,166950.0,118000.0,114700.0,2190.0,0.618,13.7,31.72,41.27,71.27,80.27,56.73,55.14,1.3,3.1
Database Administrator,West Virginia,54,2024,50490.0,55380.0,82700.0,113480.0,73530.0,65380.0,230.0,0.328,21.8,24.28,26.63,39.76,54.56,35.35,31.43,0.69,4.9
Database Administrator,Wisconsin,55,2024,61640.0,76910.0,126810.0,160150.0,104550.0,98920.0,1380.0,0.473,8.8,29.64,36.98,60.97,77.0,50.26,47.56,1.0,3.3
Database Administrator,Wyoming,56,2024,39400.0,54400.0,89240.0,113340.0,73300.0,69980.0,100.0,0.376,10.9,18.94,26.15,42.9,54.49,35.24,33.65,0.79,4.3
Operations Research Analyst,Alabama,01,2024,62340.0,90420.0,146890.0,171790.0,118370.0,117540.0,500.0,0.241,2.7,29.97,43.47,70.62,82.59,56.91,56.51,0.34,0.7
Operations Research Analyst,Alaska,02,2024,76060.0,88930.0,110640.0,126270.0,102840.0,99960.0,60.0,0.19,8.9,36.57,42.75,53.19,60.71,49.44,48.06,0.27,0.9
Operations Research Analyst,Arizona,04,2024,50760.0,64510.0,102000.0,127880.0,86510.0,83500.0,2170.0,0.678,12.0,24.41,31.01,49.04,61.48,41.59,40.14,0.97,3.8
Operations Research Analyst,Arkansas,05,2024,48720.0,54720.0,89870.0,98200.0,75670.0,75650.0,140.0,0.109,21.9,23.43,26.31,43.21,47.21,36.38,36.37,0.16,5.8
Operations Research Analyst,California,06,2024,63790.0,76540.0,127710.0,167170.0,108220.0,96920.0,11030.0,0.611,4.5,30.67,36.8,61.4,80.37,52.03,46.6,0.87,1.1
Operations Research Analyst,Colorado,08,2024,61350.0,75370.0,138680.0,164580.0,109360.0,104560.0,910.0,0.315,9.6,29.49,36.24,66.67,79.12,52.58,50.27,0.45,3.8
Operations Research Analyst,Connecticut,09,2024,62310.0,77310.0,114090.0,128290.0,96720.0,99210.0,1020.0,0.605,11.7,29.96,37.17,54.85,61.68,46.5,47.7,0.87,3.1
Operations Research Analyst,Delaware,10,2024,60510.0,74480.0,128670.0,145290.0,103380.0,101210.0,600.0,1.254,4.0,29.09,35.81,61.86,69.85,49.7,48.66,1.79,1.0
Operations Research Analyst,District of Columbia,11,2024,62490.0,77470.0,167270.0,197160.0,123890.0,115980.0,2190.0,3.092,13.4,30.04,37.25,80.42,94.79,59.56,55.76,4.42,4.8
Operations Research Analyst,Florida,12,2024,44930.0,58340.0,102500.0,129360.0,84420.0,77670.0,8230.0,0.838,3.7,21.6,28.05,49.28,62.19,40.59,37.34,1.2,1.6
Operations Research Analyst,Georgia,13,2024,49250.0,57980.0,101000.0,131530.0,81560.0,73890.0,4450.0,0.915,5.2,23.68,27.88,48.56,63.23,39.21,35.53,1.31,1.7
Operations Research Analyst,Hawaii,15,2024,59810.0,68120.0,123880.0,156100.0,100090.0,97630.0,110.0,0.185,18.2,28.76,32.75,59.56,75.05,48.12,46.94,0.26,3.9
Operations Research Analyst,Idaho,16,2024,48980.0,59840.0,100500.0,146960.0,86030.0,77460.0,500.0,0.591,8.1,23.55,28.77,48.32,70.65,41.36,37.24,0.85,2.3
Operations Research Analyst,Illinois,17,2024,61480.0,77540.0,130140.0,166130.0,110230.0,102750.0,5020.0,0.828,11.4,29.56,37.28,62.57,79.87,53.0,49.4,1.18,5.9
Operations Research Analyst,Indiana,18,2024,58010.0,65200.0,106680.0,133810.0,92040.0,84150.0,1660.0,0.522,4.7,27.89,31.35,51.29,64.33,44.25,40.46,0.75,1.1
Operations Research Analyst,Iowa,19,2024,38600.0,59730.0,117920.0,136700.0,89480.0,78140.0,350.0,0.225,36.4,18.56,28.71,56.69,65.72,43.02,37.57,0.32,14.9
Operations Research Analyst,Kansas,20,2024,60900.0,80630.0,123030.0,140090.0,99860.0,99740.0,550.0,0.388,36.2,29.28,38.77,59.15,67.35,48.01,47.95,0.55,1.2
Operations Research Analyst,Kentucky,21,2024,56910.0,64170.0,102870.0,127200.0,88980.0,81760.0,920.0,0.462,11.8,27.36,30.85,49.46,61.15,42.78,39.31,0.66,2.6
Operations Research Analyst,Louisiana,22,2024,54700.0,58150.0,69920.0,99860.0,70970.0,64240.0,730.0,0.384,9.2,26.3,27.96,33.62,48.01,34.12,30.89,0.55,4.4
Operations Research Analyst,Maine,23,2024,60270.0,73780.0,115020.0,136890.0,94740.0,90420.0,360.0,0.572,15.5,28.98,35.47,55.3,65.81,45.55,43.47,0.82,5.1
Operations Research Analyst,Maryland,24,2024,47010.0,70780.0,143520.0,176550.0,106230.0,100990.0,4280.0,1.557,16.8,22.6,34.03,69.0,84.88,51.07,48.55,2.23,5.3
Operations Research Analyst,Massachusetts,25,2024,66390.0,77150.0,113290.0,144900.0,98830.0,90030.0,4860.0,1.333,11.1,31.92,37.09,54.47,69.66,47.52,43.28,1.91,2.1
Operations Research Analyst,Michigan,26,2024,61830.0,72730.0,104640.0,146730.0,95200.0,84100.0,1050.0,0.239,10.6,29.72,34.97,50.31,70.54,45.77,40.43,0.34,4.1
Operations Research Analyst,Minnesota,27,2024,60510.0,73750.0,109780.0,135030.0,97620.0,89240.0,1300.0,0.447,7.7,29.09,35.46,52.78,64.92,46.94,42.9,0.64,2.0
Operations Research Analyst,Mississippi,28,2024,50050.0,62210.0,99880.0,126280.0,86390.0,87550.0,130.0,0.112,7.3,24.06,29.91,48.02,60.71,41.54,42.09,0.16,2.6
Operations Research Analyst,Missouri,29,2024,46340.0,46570.0,70450.0,119990.0,66330.0,55640.0,2010.0,0.688,6.5,22.28,22.39,33.87,57.69,31.89,26.75,0.98,2.0
Operations Research Analyst,Montana,30,2024,61520.0,61520.0,80290.0,100070.0,75230.0,71350.0,160.0,0.306,6.5,29.58,29.58,38.6,48.11,36.17,34.3,0.44,1.4
Operations Research Analyst,National,00,2024,53910.0,66910.0,124120.0,159280.0,99120.0,91290.0,107760.0,,1.5,25.92,32.17,59.67,76.58,47.66,43.89,,0.9
Operations Research Analyst,Nebraska,31,2024,58760.0,65380.0,120000.0,145030.0,96790.0,96990.0,290.0,0.29,14.5,28.25,31.43,57.69,69.72,46.53,46.63,0.41,2.6
Operations Research Analyst,Nevada,32,2024,61690.0,69250.0,115880.0,145500.0,93880.0,82120.0,350.0,0.226,26.0,29.66,33.3,55.71,69.95,45.13,39.48,0.32,5.4
Operations Research Analyst,New Hampshire,33,2024,57630.0,72650.0,107900.0,134010.0,92380.0,86380.0,230.0,0.333,14.6,27.71,34.93,51.88,64.43,44.41,41.53,0.48,6.7
Operations Research Analyst,New Jersey,34,2024,67220.0,80800.0,135120.0,162900.0,111990.0,101220.0,2630.0,0.619,34.7,32.32,38.85,64.96,78.32,53.84,48.66,0.89,2.2
Operations Research Analyst,New Mexico,35,2024,49000.0,64030.0,113030.0,143640.0,91340.0,77930.0,500.0,0.578,12.7,23.56,30.79,54.34,69.06,43.91,37.47,0.83,2.4
Operations Research Analyst,New York,36,2024,53270.0,76180.0,140150.0,181240.0,117110.0,109440.0,6020.0,0.631,7.7,25.61,36.62,67.38,87.13,56.3,52.62,0.9,3.4
Operations Research Analyst,North Carolina,37,2024,59650.0,72360.0,124130.0,130350.0,98910.0,100630.0,2520.0,0.515,3.4,28.68,34.79,59.68,62.67,47.55,48.38,0.74,1.1
Operations Research Analyst,North Dakota,38,2024,51860.0,63870.0,95460.0,102730.0,81460.0,80080.0,140.0,0.325,7.9,24.93,30.71,45.9,49.39,39.16,38.5,0.46,2.1
Operations Research Analyst,Ohio,39,2024,57770.0,74160.0,124980.0,135400.0,101160.0,104610.0,2970.0,0.538,12.8,27.77,35.66,60.09,65.1,48.64,50.29,0.77,2.7
Operations Research Analyst,Oklahoma,40,2024,40360.0,52030.0,64130.0,96300.0,63790.0,62510.0,1510.0,0.892,1.9,19.4,25.01,30.83,46.3,30.67,30.06,1.28,1.1
Operations Research Analyst,Oregon,41,2024,65230.0,78020.0,127100.0,141080.0,101650.0,99250.0,2590.0,1.32,5.1,31.36,37.51,61.11,67.83,48.87,47.71,1.89,1.5
Operations Research Analyst,Pennsylvania,42,2024,51330.0,58620.0,101910.0,134990.0,85490.0,75760.0,3030.0,0.504,3.7,24.68,28.19,49.0,64.9,41.1,36.42,0.72,1.8
Operations Research Analyst,Puerto Rico,72,2024,40820.0,51370.0,88910.0,92640.0,69040.0,61950.0,60.0,0.061,38.5,19.62,24.7,42.74,44.54,33.19,29.79,0.09,10.4
Operations Research Analyst,Rhode Island,44,2024,59500.0,59630.0,155600.0,199990.0,109570.0,86120.0,270.0,0.538,25.4,28.61,28.67,74.81,96.15,52.68,41.41,0.77,19.2
Operations Research Analyst,South Carolina,45,2024,54150.0,61420.0,97410.0,120900.0,82120.0,74880.0,1210.0,0.532,17.0,26.04,29.53,46.83,58.12,39.48,36.0,0.76,3.1
Operations Research Analyst,Tennessee,47,2024,50330.0,57090.0,104430.0,128290.0,83020.0,75370.0,1240.0,0.378,15.7,24.2,27.45,50.21,61.68,39.91,36.23,0.54,4.9
Operations Research Analyst,Texas,48,2024,56090.0,66050.0,120060.0,173380.0,101100.0,96660.0,12240.0,0.884,11.0,26.97,31.76,57.72,83.36,48.6,46.47,1.26,4.0
Operations Research Analyst,Utah,49,2024,43280.0,60730.0,102020.0,124380.0,84840.0,82230.0,1090.0,0.636,5.4,20.81,29.2,49.05,59.8,40.79,39.54,0.91,2.6
Operations Research Analyst,Vermont,50,2024,63120.0,75730.0,132100.0,135000.0,104040.0,108800.0,120.0,0.392,20.1,30.35,36.41,63.51,64.91,50.02,52.31,0.56,8.6
Operations Research Analyst,Virginia,51,2024,61730.0,88290.0,152560.0,181210.0,122680.0,123050.0,6320.0,1.554,5.3,29.68,42.45,73.35,87.12,58.98,59.16,2.22,1.4
Operations Research Analyst,Washington,53,2024,65920.0,76180.0,131930.0,162830.0,105680.0,96490.0,2850.0,0.804,7.5,31.69,36.62,63.43,78.29,50.81,46.39,1.15,3.5
Operations Research Analyst,West Virginia,54,2024,47400.0,61160.0,86210.0,113030.0,75510.0,63760.0,220.0,0.32,12.6,22.79,29.41,41.45,54.34,36.31,30.65,0.46,3.3
Operations Research Analyst,Wisconsin,55,2024,49580.0,60150.0,91450.0,113640.0,78880.0,74970.0,4080.0,1.395,4.3,23.84,28.92,43.97,54.63,37.92,36.04,2.0,1.8
Software Developer,Alabama,01,2024,63670.0,82610.0,141140.0,176060.0,117380.0,113020.0,18020.0,8.616,4.6,30.61,39.72,67.86,84.65,56.43,54.34,0.8,1.8
Software Developer,Alaska,02,2024,92980.0,95930.0,167140.0,196500.0,132940.0,119600.0,430.0,1.352,23.5,44.7,46.12,80.36,94.47,63.91,57.5,0.13,13.9
Software Developer,Arizona,04,2024,80300.0,100320.0,157710.0,186280.0,133140.0,128690.0,35650.0,11.153,5.0,38.61,48.23,75.82,89.56,64.01,61.87,1.04,1.6
Software Developer,Arkansas,05,2024,55030.0,77550.0,119770.0,160700.0,100380.0,96820.0,6390.0,4.959,6.7,26.46,37.28,57.58,77.26,48.26,46.55,0.46,3.8
Software Developer,California,06,2024,103950.0,134820.0,212280.0,,185750.0,170910.0,292630.0,16.205,1.7,49.98,64.82,102.06,,89.3,82.17,1.51,1.3
Software Developer,Colorado,08,2024,93070.0,107780.0,168120.0,210760.0,147750.0,134540.0,48980.0,16.942,3.1,44.75,51.82,80.83,101.33,71.04,64.68,1.58,1.0
Software Developer,Connecticut,09,2024,80460.0,102610.0,164180.0,203160.0,136530.0,130870.0,16490.0,9.803,4.9,38.68,49.33,78.93,97.68,65.64,62.92,0.91,1.9
Software Developer,Delaware,10,2024,93850.0,111110.0,162060.0,169070.0,136170.0,135160.0,3850.0,8.084,7.5,45.12,53.42,77.91,81.29,65.47,64.98,0.75,1.5
Software Developer,District of Columbia,11,2024,87120.0,114690.0,166970.0,203560.0,143810.0,136040.0,8250.0,11.638,9.2,41.88,55.14,80.27,97.87,69.14,65.4,1.08,2.7
Software Developer,Florida,12,2024,75260.0,98710.0,158430.0,174030.0,128290.0,126550.0,82610.0,8.412,4.9,36.18,47.46,76.17,83.67,61.68,60.84,0.78,8.9
Software Developer,Georgia,13,2024,75950.0,101230.0,158030.0,173650.0,128310.0,128920.0,47350.0,9.751,4.8,36.51,48.67,75.98,83.49,61.69,61.98,0.91,1.6
Software Developer,Hawaii,15,2024,53840.0,80710.0,167110.0,194220.0,124960.0,119880.0,1940.0,3.125,12.5,25.88,38.8,80.34,93.38,60.08,57.64,0.29,5.9
Software Developer,Idaho,16,2024,62750.0,81020.0,137310.0,168060.0,125460.0,107900.0,4960.0,5.868,9.3,30.17,38.95,66.01,80.8,60.32,51.87,0.55,10.0
Software Developer,Illinois,17,2024,75450.0,98800.0,159280.0,172020.0,127030.0,127770.0,54490.0,8.984,4.0,36.27,47.5,76.58,82.7,61.07,61.43,0.84,1.5
Software Developer,Indiana,18,2024,68680.0,81830.0,129050.0,151450.0,107610.0,103570.0,12690.0,3.984,4.7,33.02,39.34,62.04,72.81,51.74,49.79,0.37,1.8
Software Developer,Iowa,19,2024,70650.0,89300.0,134260.0,169200.0,116000.0,109850.0,9840.0,6.298,4.1,33.97,42.93,64.55,81.35,55.77,52.81,0.59,2.1
Software Developer,Kansas,20,2024,66870.0,81590.0,133220.0,163670.0,112900.0,106660.0,15850.0,11.077,4.7,32.15,39.23,64.05,78.69,54.28,51.28,1.03,2.0
Software Developer,Kentucky,21,2024,71330.0,85410.0,134150.0,164770.0,114200.0,106200.0,7070.0,3.547,7.2,34.29,41.06,64.5,79.22,54.9,51.06,0.33,3.3
Software Developer,Louisiana,22,2024,64480.0,80170.0,124550.0,154220.0,119790.0,102290.0,3870.0,2.027,10.0,31.0,38.55,59.88,74.14,57.59,49.18,0.19,6.3
Software Developer,Maine,23,2024,76860.0,92190.0,138730.0,170700.0,118110.0,113800.0,2740.0,4.318,12.1,36.95,44.32,66.7,82.07,56.78,54.71,0.4,4.0
Software Developer,Maryland,24,2024,86490.0,107670.0,175900.0,218190.0,150800.0,137890.0,31940.0,11.628,4.8,41.58,51.76,84.57,104.9,72.5,66.29,1.08,2.9
Software Developer,Massachusetts,25,2024,99360.0,125430.0,172680.0,208220.0,153650.0,150520.0,54260.0,14.895,3.1,47.77,60.3,83.02,100.11,73.87,72.37,1.39,1.1
Software Developer,Michigan,26,2024,74200.0,85690.0,133940.0,161850.0,114890.0,107820.0,41490.0,9.45,3.1,35.67,41.2,64.4,77.81,55.23,51.84,0.88,1.3
Software Developer,Minnesota,27,2024,75340.0,98470.0,144860.0,166910.0,121600.0,124540.0,39580.0,13.553,3.9,36.22,47.34,69.65,80.24,58.46,59.88,1.26,1.1
Software Developer,Mississippi,28,2024,29760.0,51890.0,123710.0,136390.0,87990.0,86460.0,3200.0,2.757,12.8,14.31,24.95,59.48,65.57,42.3,41.57,0.26,3.7
Software Developer,Missouri,29,2024,63210.0,82990.0,134600.0,163270.0,114240.0,114550.0,17060.0,5.845,5.0,30.39,39.9,64.71,78.5,54.93,55.07,0.54,1.8
Software Developer,Montana,30,2024,62890.0,77990.0,163730.0,216250.0,120950.0,100190.0,2070.0,4.061,17.5,30.24,37.5,78.72,103.97,58.15,48.17,0.38,4.7
Software Developer,National,00,2024,79850.0,103050.0,169000.0,211450.0,144570.0,133080.0,1654440.0,,0.7,38.39,49.55,81.25,101.66,69.5,63.98,,0.6
Software Developer,Nebraska,31,2024,77300.0,98100.0,138520.0,146310.0,116110.0,116420.0,8940.0,8.795,5.2,37.16,47.16,66.59,70.34,55.82,55.97,0.82,1.7
Software Developer,Nevada,32,2024,76000.0,97780.0,169990.0,203840.0,137920.0,129030.0,4640.0,3.032,10.6,36.54,47.01,81.73,98.0,66.31,62.03,0.28,16.5
Software Developer,New Hampshire,33,2024,85590.0,104000.0,169130.0,199160.0,139860.0,132420.0,8010.0,11.722,10.0,41.15,50.0,81.31,95.75,67.24,63.67,1.09,2.5
Software Developer,New Jersey,34,2024,84220.0,104060.0,166340.0,205420.0,140520.0,132400.0,57120.0,13.438,3.7,40.49,50.03,79.97,98.76,67.56,63.65,1.25,1.3
Software Developer,New Mexico,35,2024,61070.0,84430.0,141870.0,179270.0,120080.0,120820.0,4810.0,5.591,6.6,29.36,40.59,68.21,86.19,57.73,58.09,0.52,3.1
Software Developer,New York,36,2024,85520.0,119530.0,194790.0,223480.0,159990.0,161260.0,104130.0,10.913,2.1,41.12,57.47,93.65,107.44,76.92,77.53,1.02,1.2
Software Developer,North Carolina,37,2024,79620.0,102430.0,158940.0,173660.0,131780.0,131000.0,57590.0,11.757,2.9,38.28,49.25,76.41,83.49,63.35,62.98,1.1,0.9
Software Developer,North Dakota,38,2024,63140.0,80590.0,122550.0,153280.0,103610.0,98550.0,1510.0,3.553,11.5,30.36,38.74,58.92,73.69,49.81,47.38,0.33,2.9
Software Developer,Ohio,39,2024,74780.0,87340.0,134540.0,165640.0,116330.0,107690.0,44280.0,8.013,3.1,35.95,41.99,64.69,79.63,55.93,51.77,0.75,1.2
Software Developer,Oklahoma,40,2024,63510.0,83070.0,138620.0,167040.0,112920.0,107420.0,7150.0,4.225,6.2,30.53,39.94,66.65,80.31,54.29,51.65,0.39,1.8
Software Developer,Oregon,41,2024,92120.0,110080.0,165940.0,211750.0,146650.0,135260.0,21100.0,10.736,4.1,44.29,52.92,79.78,101.8,70.51,65.03,1.0,1.4
Software Developer,Pennsylvania,42,2024,73730.0,94490.0,147060.0,167290.0,122240.0,123740.0,47350.0,7.873,3.2,35.45,45.43,70.7,80.43,58.77,59.49,0.73,1.1
Software Developer,Puerto Rico,72,2024,32460.0,48140.0,84750.0,100710.0,68270.0,64350.0,1580.0,1.685,20.4,15.61,23.15,40.74,48.42,32.82,30.94,0.16,4.3
Software Developer,Rhode Island,44,2024,82630.0,98340.0,135980.0,168020.0,126810.0,128660.0,6010.0,12.176,13.5,39.73,47.28,65.37,80.78,60.97,61.86,1.13,2.5
Software Developer,South Carolina,45,2024,63500.0,80380.0,153780.0,179670.0,119610.0,108690.0,12230.0,5.384,5.9,30.53,38.64,73.93,86.38,57.51,52.25,0.5,5.7
Software Developer,South Dakota,46,2024,59510.0,76540.0,104880.0,130610.0,93390.0,87770.0,2190.0,4.827,9.9,28.61,36.8,50.43,62.79,44.9,42.2,0.45,4.0
Software Developer,Tennessee,47,2024,72140.0,95060.0,134890.0,164420.0,117940.0,117340.0,18750.0,5.727,4.5,34.68,45.7,64.85,79.05,56.7,56.41,0.53,1.5
Software Developer,Texas,48,2024,79490.0,102060.0,160240.0,174710.0,133280.0,130500.0,151460.0,10.938,2.8,38.22,49.07,77.04,84.0,64.08,62.74,1.02,1.1
Software Developer,Utah,49,2024,74030.0,95100.0,157450.0,176990.0,126650.0,127390.0,29160.0,17.053,4.3,35.59,45.72,75.7,85.09,60.89,61.25,1.59,1.9
Software Developer,Vermont,50,2024,79880.0,93670.0,158750.0,203530.0,134320.0,130720.0,,,,38.4,45.04,76.32,97.85,64.58,62.85,,4.9
Software Developer,Virgin Islands,78,2024,73980.0,107930.0,163520.0,163530.0,139540.0,162820.0,40.0,1.272,20.0,35.57,51.89,78.62,78.62,67.09,78.28,0.12,7.5
Software Developer,Virginia,51,2024,82560.0,105550.0,168570.0,208480.0,142230.0,134470.0,83290.0,20.492,3.4,39.69,50.75,81.04,100.23,68.38,64.65,1.91,1.0
Software Developer,Washington,53,2024,102630.0,132870.0,207370.0,,175600.0,166910.0,91470.0,25.84,3.8,49.34,63.88,99.7,,84.42,80.24,2.41,2.9
Software Developer,West Virginia,54,2024,61480.0,79480.0,126880.0,160660.0,107330.0,103550.0,2280.0,3.245,12.2,29.56,38.21,61.0,77.24,51.6,49.79,0.3,3.0
Software Developer,Wisconsin,55,2024,63120.0,82280.0,129760.0,162220.0,114030.0,103360.0,22170.0,7.582,3.7,30.35,39.56,62.39,77.99,54.82,49.69,0.71,2.2
Software Developer,Wyoming,56,2024,61810.0,77530.0,150700.0,163840.0,121500.0,112590.0,1020.0,3.67,13.9,29.72,37.28,72.45,78.77,58.41,54.13,0.34,5.3
